ShipmentID,CustomerName,OriginPort,OriginCountry,OriginRegion,OriginPortCode,DestinationPort,DestinationCountry,DestinationRegion,DestinationPortCode,CargoType,CargoDescription,WeightKG,DeclaredValueUSD,ContainerCount,ContainerType,CarrierName,VesselName,Status,DelayReason,DepartureDate,EstimatedArrival,ActualArrival,LastModifiedDate
FF-2024-000555,IKEA Supply AG,Port of Rotterdam,Netherlands,EMEA,NLRTM,Port of Felixstowe,UK,EMEA,GBFXT,Perishables,"Fresh produce, chilled and frozen foodstuffs",10197.81,139561.47,7,20GP,COSCO Shipping,MV COSCO Universe,Delivered,,2024-02-13 22:13:43,2024-02-24 22:13:43,2024-02-25 22:13:43,2024-03-16 12:33:13
FF-2024-000542,Caterpillar Inc.,Port of Tanger Med,Morocco,EMEA,MATNG,Port of Laem Chabang,Thailand,APAC,THLCH,Textiles,"Apparel, fabric rolls, and finished garments",12901.64,438200.55,12,40GP,COSCO Shipping,MV Hapag Express,Delivered,,2024-02-25 08:15:33,2024-03-16 08:15:33,2024-03-16 08:15:33,2024-03-16 00:59:25
FF-2024-000281,Pfizer Global Logistics,Port of Los Angeles,USA,AMER,USLAX,Port of Algeciras,Spain,EMEA,ESALG,Consumer Goods,"FMCG, household products, and retail stock",1226.48,39670.39,11,20GP,Maersk Line,MV Hapag Express,Delivered,,2024-02-19 22:55:30,2024-03-03 22:55:30,2024-03-08 22:55:30,2024-03-16 18:58:37
FF-2024-000580,Volkswagen AG Logistics,Port of Santos,Brazil,AMER,BRSSZ,Port of Los Angeles,USA,AMER,USLAX,Automotive Parts,OEM and aftermarket vehicle components,5546.56,327747.27,12,40RH,ZIM Integrated Shipping,MV Evergreen Emerald,Departed Origin Port,,2024-03-12 10:56:17,2024-03-25 10:56:17,,2024-03-16 03:36:51
FF-2024-000565,Zara (Inditex) Supply,Port of Tanger Med,Morocco,EMEA,MATNG,Port of Algeciras,Spain,EMEA,ESALG,Perishables,"Fresh produce, chilled and frozen foodstuffs",19128.49,170268.64,9,20TK,HMM (Hyundai MM),MV ZIM Sammy Ofer,Delivered,,2024-03-04 07:47:22,2024-03-13 07:47:22,2024-03-13 07:47:22,2024-03-16 05:24:11
FF-2024-000562,Apple Supply Chain Ltd.,Port of Felixstowe,UK,EMEA,GBFXT,Port of Yokohama,Japan,APAC,JPYOK,Pharmaceuticals,Temperature-controlled medical and consumer drugs,5128.67,1069804.86,10,40RH,ZIM Integrated Shipping,MV Yang Ming Witness,Customs Clearance,,2024-02-24 16:34:32,2024-03-27 16:34:32,,2024-03-16 16:01:44
FF-2024-000572,Bosch GmbH Industrial,Port of Busan,South Korea,APAC,KRPUS,Port of Shanghai,China,APAC,CNSHA,Perishables,"Fresh produce, chilled and frozen foodstuffs",2081.68,30293.96,3,40GP,MSC Mediterranean,MV CMA CGM Louis Bleriot,Booking Confirmed,,2024-03-15 22:15:32,2024-03-28 22:15:32,,2024-03-16 11:19:51
FF-2024-000544,IKEA Supply AG,Port of Los Angeles,USA,AMER,USLAX,Port of Piraeus,Greece,EMEA,GRPIR,Automotive Parts,OEM and aftermarket vehicle components,12719.07,523734.54,10,40HC,ONE (Ocean Network Express),MV MSC Gülsün,Delayed,Strike action at destination port,2024-03-06 01:02:45,2024-03-22 01:02:45,,2024-03-16 20:29:42
FF-2024-000552,Procter & Gamble Co.,Port of Shanghai,China,APAC,CNSHA,Port of Manzanillo,Mexico,AMER,MXZLO,Machinery,Heavy industrial and agricultural machinery,18776.19,523169.33,8,20TK,Maersk Line,MV Maersk Mc-Kinney,Booking Confirmed,,2024-03-15 08:33:36,2024-04-03 08:33:36,,2024-03-16 06:36:08
FF-2024-000579,Siemens AG,Port of Tanger Med,Morocco,EMEA,MATNG,Port of Shanghai,China,APAC,CNSHA,Hazardous Materials,Class-regulated DG cargo with IMDG compliance,14806.89,467668.28,1,20TK,ONE (Ocean Network Express),MV Yang Ming Witness,Delivered,,2024-02-12 11:21:18,2024-03-15 11:21:18,2024-03-18 11:21:18,2024-03-16 06:04:40
FF-2024-000547,Zara (Inditex) Supply,Port of Algeciras,Spain,EMEA,ESALG,Port of Colombo,Sri Lanka,APAC,LKCMB,Pharmaceuticals,Temperature-controlled medical and consumer drugs,7662.31,5158643.92,12,40HC,CMA CGM,MV Hapag Express,Delivered,,2024-02-21 19:25:46,2024-03-14 19:25:46,2024-03-17 19:25:46,2024-03-16 06:15:36
FF-2024-000255,Bosch GmbH Industrial,Port of Dubai (Jebel Ali),UAE,EMEA,AEJEA,Port of Algeciras,Spain,EMEA,ESALG,Hazardous Materials,Class-regulated DG cargo with IMDG compliance,8078.35,129620.56,5,40GP,Maersk Line,MV HMM Algeciras,Delivered,,2024-02-11 03:44:27,2024-02-19 03:44:27,2024-02-19 03:44:27,2024-03-16 17:28:31
FF-2024-000536,Nestlé S.A. Logistics,Port of Felixstowe,UK,EMEA,GBFXT,Port of Algeciras,Spain,EMEA,ESALG,Textiles,"Apparel, fabric rolls, and finished garments",7131.76,145857.68,3,40GP,CMA CGM,MV CMA CGM Louis Bleriot,Delivered,,2024-02-15 16:45:00,2024-03-04 16:45:00,2024-03-07 16:45:00,2024-03-16 19:14:53
FF-2024-000511,BASF SE Chemical,Port of Qingdao,China,APAC,CNQGD,Port of Tanger Med,Morocco,EMEA,MATNG,Pharmaceuticals,Temperature-controlled medical and consumer drugs,6353.93,2930737.66,4,40RH,Yang Ming,MV HMM Algeciras,Departed Origin Port,,2024-03-10 17:49:59,2024-04-06 17:49:59,,2024-03-16 18:10:35
FF-2024-000575,LG Electronics,Port of Mumbai,India,APAC,INBOM,Port of Felixstowe,UK,EMEA,GBFXT,Machinery,Heavy industrial and agricultural machinery,13878.25,926046.95,4,40GP,CMA CGM,MV MSC Gülsün,Booking Confirmed,,2024-03-15 18:17:18,2024-04-15 18:17:18,,2024-03-16 12:41:32
FF-2024-000561,Amazon Fulfillment EU,Port of Hong Kong,China,APAC,HKHKG,Port of Mumbai,India,APAC,INBOM,Pharmaceuticals,Temperature-controlled medical and consumer drugs,939.36,247180.3,5,40GP,CMA CGM,MV Hapag Express,In Transit,,2024-03-13 01:51:24,2024-03-21 01:51:24,,2024-03-16 06:25:31
FF-2024-000505,ABB Ltd Supply Chain,Port of New York,USA,AMER,USNYC,Port of Nagoya,Japan,APAC,JPNGO,Textiles,"Apparel, fabric rolls, and finished garments",11541.34,224986.36,2,20GP,Evergreen Marine,MV Yang Ming Witness,Arrived Destination Port,,2024-03-01 23:20:20,2024-03-22 23:20:20,,2024-03-16 03:28:25
FF-2024-000233,LG Electronics,Port of Algeciras,Spain,EMEA,ESALG,Port of Santos,Brazil,AMER,BRSSZ,Raw Materials,"Steel coils, aluminium ingots, bulk commodities",10448.42,22442.77,11,40HC,CMA CGM,MV MOL Triumph,Delivered,,2024-02-26 21:18:12,2024-03-17 21:18:12,2024-03-22 21:18:12,2024-03-16 20:28:54
FF-2024-000567,Siemens AG,Port of Algeciras,Spain,EMEA,ESALG,Port of Hong Kong,China,APAC,HKHKG,Machinery,Heavy industrial and agricultural machinery,12971.47,791455.29,1,20GP,CMA CGM,MV MOL Triumph,Delivered,,2024-02-15 09:16:38,2024-03-15 09:16:38,2024-03-18 09:16:38,2024-03-16 01:05:17
FF-2024-000531,Samsung Electronics Co.,Port of Mumbai,India,APAC,INBOM,Port of Colombo,Sri Lanka,APAC,LKCMB,Consumer Goods,"FMCG, household products, and retail stock",6757.5,41418.93,2,40GP,HMM (Hyundai MM),MV Al Muraykh,Delivered,,2024-02-21 12:23:39,2024-03-04 12:23:39,2024-03-07 12:23:39,2024-03-16 02:08:13
FF-2024-000521,Ford Motor Logistics,Port of Manzanillo,Mexico,AMER,MXZLO,Port of Tanger Med,Morocco,EMEA,MATNG,Raw Materials,"Steel coils, aluminium ingots, bulk commodities",21941.32,123096.51,2,40GP,COSCO Shipping,MV ZIM Sammy Ofer,Delivered,,2024-02-12 07:19:01,2024-02-26 07:19:01,2024-02-28 07:19:01,2024-03-16 02:57:12
FF-2024-000534,Nestlé S.A. Logistics,Port of Mumbai,India,APAC,INBOM,Port of Colombo,Sri Lanka,APAC,LKCMB,Textiles,"Apparel, fabric rolls, and finished garments",16696.63,263589.88,7,40GP,Yang Ming,MV ZIM Sammy Ofer,Delivered,,2024-02-19 21:31:39,2024-03-04 21:31:39,2024-03-08 21:31:39,2024-03-16 06:07:08
FF-2024-000538,Unilever Supply Co.,Port of Long Beach,USA,AMER,USLGB,Port of Nagoya,Japan,APAC,JPNGO,Consumer Goods,"FMCG, household products, and retail stock",13836.58,302892.22,12,40RH,Yang Ming,MV MSC Gülsün,Delivered,,2024-02-18 17:49:01,2024-03-05 17:49:01,2024-03-10 17:49:01,2024-03-16 00:09:11
FF-2024-000530,Samsung Electronics Co.,Port of Qingdao,China,APAC,CNQGD,Port of Shanghai,China,APAC,CNSHA,Machinery,Heavy industrial and agricultural machinery,10595.34,452660.67,10,40RH,COSCO Shipping,MV ZIM Sammy Ofer,Customs Clearance,,2024-03-08 21:41:30,2024-03-21 21:41:30,,2024-03-16 20:16:04
FF-2024-000080,BASF SE Chemical,Port of Manzanillo,Mexico,AMER,MXZLO,Port of Nagoya,Japan,APAC,JPNGO,Consumer Goods,"FMCG, household products, and retail stock",3103.68,46868.86,3,20GP,Hapag-Lloyd,MV Ever Given,Delivered,,2024-02-25 22:03:02,2024-03-11 22:03:02,2024-03-10 22:03:02,2024-03-16 18:54:37
FF-2024-000551,ABB Ltd Supply Chain,Port of Hamburg,Germany,EMEA,DEHAM,Port of Rotterdam,Netherlands,EMEA,NLRTM,Perishables,"Fresh produce, chilled and frozen foodstuffs",8085.98,79622.8,9,20GP,Evergreen Marine,MV Yang Ming Witness,Delivered,,2024-02-14 22:31:19,2024-02-24 22:31:19,2024-02-22 22:31:19,2024-03-16 18:07:21
FF-2024-000573,Caterpillar Inc.,Port of Mumbai,India,APAC,INBOM,Port of Nagoya,Japan,APAC,JPNGO,Perishables,"Fresh produce, chilled and frozen foodstuffs",19061.25,243467.07,7,40GP,Yang Ming,MV ZIM Sammy Ofer,Delivered,,2024-03-01 06:20:05,2024-03-10 06:20:05,2024-03-10 06:20:05,2024-03-16 10:35:39
FF-2024-000314,H&M Group Sourcing,Port of Hong Kong,China,APAC,HKHKG,Port of Busan,South Korea,APAC,KRPUS,Electronics,High-value consumer and industrial electronics,8137.52,2837589.6,3,40GP,ONE (Ocean Network Express),MV CMA CGM Antoine,Delivered,,2024-02-27 16:13:57,2024-03-16 16:13:57,2024-03-18 16:13:57,2024-03-16 03:17:42
FF-2024-000532,ABB Ltd Supply Chain,Port of Felixstowe,UK,EMEA,GBFXT,Port of Dubai (Jebel Ali),UAE,EMEA,AEJEA,Chemicals,Industrial chemicals in ISO tank containers,8273.91,164060.74,10,20GP,Evergreen Marine,MV Hapag Express,Delivered,,2024-02-07 10:25:42,2024-02-21 10:25:42,2024-02-25 10:25:42,2024-03-16 13:34:10
FF-2024-000509,H&M Group Sourcing,Port of Tanger Med,Morocco,EMEA,MATNG,Port of Antwerp,Belgium,EMEA,BEANR,Chemicals,Industrial chemicals in ISO tank containers,21734.57,348356.02,4,20GP,CMA CGM,MV ONE Innovation,Delivered,,2024-02-12 03:36:15,2024-02-20 03:36:15,2024-02-21 03:36:15,2024-03-16 15:39:09
FF-2024-000022,Siemens AG,Port of Algeciras,Spain,EMEA,ESALG,Port of Valencia,Spain,EMEA,ESVLC,Hazardous Materials,Class-regulated DG cargo with IMDG compliance,13560.91,177638.89,6,40HC,HMM (Hyundai MM),MV Maersk Mc-Kinney,Delivered,,2024-02-26 15:30:37,2024-03-12 15:30:37,2024-03-14 15:30:37,2024-03-16 17:36:33
FF-2024-000533,Bosch GmbH Industrial,Port of Antwerp,Belgium,EMEA,BEANR,Port of Hong Kong,China,APAC,HKHKG,Automotive Parts,OEM and aftermarket vehicle components,19105.54,631442.74,11,40HC,ZIM Integrated Shipping,MV CMA CGM Antoine,Booking Confirmed,,2024-03-14 05:27:25,2024-04-05 05:27:25,,2024-03-16 03:27:37
FF-2024-000535,Zara (Inditex) Supply,Port of Manzanillo,Mexico,AMER,MXZLO,Port of Hong Kong,China,APAC,HKHKG,Pharmaceuticals,Temperature-controlled medical and consumer drugs,4650.56,2631693.79,9,40GP,ZIM Integrated Shipping,MV Evergreen Emerald,Arrived Destination Port,,2024-03-06 02:31:51,2024-03-21 02:31:51,,2024-03-16 00:02:47
FF-2024-000563,ABB Ltd Supply Chain,Port of Valencia,Spain,EMEA,ESVLC,Port of Long Beach,USA,AMER,USLGB,Chemicals,Industrial chemicals in ISO tank containers,21138.73,438707.85,2,40HC,HMM (Hyundai MM),MV MSC Gülsün,Transshipment,,2024-03-08 19:39:00,2024-03-26 19:39:00,,2024-03-16 06:26:45
FF-2024-000472,Nike Inc. Distribution,Port of Nagoya,Japan,APAC,JPNGO,Port of Dubai (Jebel Ali),UAE,EMEA,AEJEA,Textiles,"Apparel, fabric rolls, and finished garments",4653.62,62803.25,12,20TK,COSCO Shipping,MV MOL Triumph,Container Loaded,,2024-03-14 08:24:17,2024-04-11 08:24:17,,2024-03-16 23:49:27
FF-2024-000518,Caterpillar Inc.,Port of Mumbai,India,APAC,INBOM,Port of Manzanillo,Mexico,AMER,MXZLO,Textiles,"Apparel, fabric rolls, and finished garments",7501.44,114484.37,3,40RH,Yang Ming,MV Hapag Express,Delivered,,2024-02-16 01:40:35,2024-03-05 01:40:35,2024-03-10 01:40:35,2024-03-16 12:46:13
FF-2024-000514,IKEA Supply AG,Port of New York,USA,AMER,USNYC,Port of Los Angeles,USA,AMER,USLAX,Raw Materials,"Steel coils, aluminium ingots, bulk commodities",10300.14,78114.37,11,20GP,Hapag-Lloyd,MV Hapag Express,Departed Origin Port,,2024-03-12 19:10:44,2024-03-28 19:10:44,,2024-03-16 09:28:05
FF-2024-000520,Amazon Fulfillment EU,Port of Yokohama,Japan,APAC,JPYOK,Port of Tanjung Pelepas,Malaysia,APAC,MYPKG,Machinery,Heavy industrial and agricultural machinery,20018.84,1699240.16,3,20TK,ONE (Ocean Network Express),MV Madrid Maersk,Delivered,,2024-02-24 02:48:36,2024-03-13 02:48:36,2024-03-11 02:48:36,2024-03-16 23:01:50
FF-2024-000407,Unilever Supply Co.,Port of Nagoya,Japan,APAC,JPNGO,Port of Tanjung Pelepas,Malaysia,APAC,MYPKG,Textiles,"Apparel, fabric rolls, and finished garments",12610.91,151527.71,1,40RH,ONE (Ocean Network Express),MV Yang Ming Witness,Delivered,,2024-02-29 09:14:41,2024-03-18 09:14:41,2024-03-18 09:14:41,2024-03-16 11:41:22
FF-2024-000577,Caterpillar Inc.,Port of Felixstowe,UK,EMEA,GBFXT,Port of Hong Kong,China,APAC,HKHKG,Perishables,"Fresh produce, chilled and frozen foodstuffs",8094.08,112728.14,12,40HC,HMM (Hyundai MM),MV MSC Gülsün,Delivered,,2024-02-12 12:40:43,2024-03-14 12:40:43,2024-03-15 12:40:43,2024-03-16 21:28:07
FF-2024-000517,3M Company Logistics,Port of Busan,South Korea,APAC,KRPUS,Port of Dubai (Jebel Ali),UAE,EMEA,AEJEA,Pharmaceuticals,Temperature-controlled medical and consumer drugs,2327.84,827808.89,1,20TK,ZIM Integrated Shipping,MV MOL Triumph,Delivered,,2024-02-15 03:18:17,2024-03-09 03:18:17,2024-03-09 03:18:17,2024-03-16 08:14:07
FF-2024-000174,Zara (Inditex) Supply,Port of Shanghai,China,APAC,CNSHA,Port of Algeciras,Spain,EMEA,ESALG,Chemicals,Industrial chemicals in ISO tank containers,22429.65,337017.45,3,40GP,COSCO Shipping,MV Maersk Mc-Kinney,Arrived Destination Port,,2024-02-26 12:11:24,2024-03-29 12:11:24,,2024-03-16 10:38:59
FF-2024-000557,Samsung Electronics Co.,Port of Laem Chabang,Thailand,APAC,THLCH,Port of Los Angeles,USA,AMER,USLAX,Consumer Goods,"FMCG, household products, and retail stock",17338.98,512236.6,5,40HC,Maersk Line,MV MOL Triumph,Delivered,,2024-02-25 10:22:34,2024-03-16 10:22:34,2024-03-14 10:22:34,2024-03-16 05:36:54
FF-2024-000419,Zara (Inditex) Supply,Port of Los Angeles,USA,AMER,USLAX,Port of Colombo,Sri Lanka,APAC,LKCMB,Automotive Parts,OEM and aftermarket vehicle components,13670.57,623029.38,1,40GP,Maersk Line,MV CMA CGM Antoine,Delivered,,2024-02-25 19:22:17,2024-03-12 19:22:17,2024-03-11 19:22:17,2024-03-16 17:50:27
FF-2024-000173,Apple Supply Chain Ltd.,Port of Yokohama,Japan,APAC,JPYOK,Port of Dubai (Jebel Ali),UAE,EMEA,AEJEA,Textiles,"Apparel, fabric rolls, and finished garments",12706.07,323651.87,11,40HC,HMM (Hyundai MM),MV Al Muraykh,Delivered,,2024-02-09 23:22:52,2024-03-07 23:22:52,2024-03-11 23:22:52,2024-03-16 11:39:16
FF-2024-000571,Unilever Supply Co.,Port of Long Beach,USA,AMER,USLGB,Port of Los Angeles,USA,AMER,USLAX,Hazardous Materials,Class-regulated DG cargo with IMDG compliance,9121.71,104818.02,11,20GP,MSC Mediterranean,MV ZIM Sammy Ofer,Delivered,,2024-02-23 12:13:48,2024-03-04 12:13:48,2024-03-08 12:13:48,2024-03-16 04:21:46
FF-2024-000503,Nestlé S.A. Logistics,Port of Laem Chabang,Thailand,APAC,THLCH,Port of Hong Kong,China,APAC,HKHKG,Machinery,Heavy industrial and agricultural machinery,23254.01,1241216.32,2,20TK,Maersk Line,MV Yang Ming Witness,Delivered,,2024-02-24 02:15:15,2024-03-08 02:15:15,2024-03-07 02:15:15,2024-03-16 12:28:57
FF-2024-000526,Volkswagen AG Logistics,Port of Busan,South Korea,APAC,KRPUS,Port of Valencia,Spain,EMEA,ESVLC,Raw Materials,"Steel coils, aluminium ingots, bulk commodities",27067.62,191510.91,5,40RH,Yang Ming,MV CMA CGM Antoine,Delivered,,2024-02-22 08:45:05,2024-03-13 08:45:05,2024-03-16 08:45:05,2024-03-16 09:22:07
FF-2024-000097,Caterpillar Inc.,Port of New York,USA,AMER,USNYC,Port of Nagoya,Japan,APAC,JPNGO,Automotive Parts,OEM and aftermarket vehicle components,20246.94,647346.48,5,20GP,ONE (Ocean Network Express),MV MSC Gülsün,Departed Origin Port,,2024-03-11 04:11:08,2024-04-02 04:11:08,,2024-03-16 17:52:08
FF-2024-000515,Volkswagen AG Logistics,Port of Algeciras,Spain,EMEA,ESALG,Port of Laem Chabang,Thailand,APAC,THLCH,Pharmaceuticals,Temperature-controlled medical and consumer drugs,2349.1,713611.78,2,20GP,Hapag-Lloyd,MV CMA CGM Antoine,Delivered,,2024-02-08 03:50:21,2024-03-06 03:50:21,2024-03-11 03:50:21,2024-03-16 14:35:56
FF-2024-000252,Zara (Inditex) Supply,Port of Valencia,Spain,EMEA,ESVLC,Port of Tanger Med,Morocco,EMEA,MATNG,Hazardous Materials,Class-regulated DG cargo with IMDG compliance,6937.75,326508.4,1,20TK,Yang Ming,MV CMA CGM Antoine,Delivered,,2024-02-29 17:29:41,2024-03-14 17:29:41,2024-03-12 17:29:41,2024-03-16 00:51:04
FF-2024-000127,Unilever Supply Co.,Port of Singapore,Singapore,APAC,SGSIN,Port of Qingdao,China,APAC,CNQGD,Automotive Parts,OEM and aftermarket vehicle components,3210.63,143233.77,6,40GP,Yang Ming,MV HMM Algeciras,Arrived Destination Port,,2024-03-05 13:19:28,2024-03-21 13:19:28,,2024-03-16 22:47:16
FF-2024-000522,BASF SE Chemical,Port of Tanjung Pelepas,Malaysia,APAC,MYPKG,Port of Rotterdam,Netherlands,EMEA,NLRTM,Textiles,"Apparel, fabric rolls, and finished garments",1093.95,20390.44,6,40GP,CMA CGM,MV Maersk Mc-Kinney,Customs Clearance,,2024-02-24 04:01:31,2024-03-27 04:01:31,,2024-03-16 12:21:08
FF-2024-000554,3M Company Logistics,Port of Hamburg,Germany,EMEA,DEHAM,Port of Dubai (Jebel Ali),UAE,EMEA,AEJEA,Textiles,"Apparel, fabric rolls, and finished garments",13642.64,433405.08,1,40GP,ZIM Integrated Shipping,MV Evergreen Emerald,Customs Clearance,,2024-03-08 17:29:50,2024-03-22 17:29:50,,2024-03-16 07:56:03
FF-2024-000553,ABB Ltd Supply Chain,Port of Algeciras,Spain,EMEA,ESALG,Port of Rotterdam,Netherlands,EMEA,NLRTM,Machinery,Heavy industrial and agricultural machinery,21008.87,1056069.72,1,40GP,Hapag-Lloyd,MV HMM Algeciras,Delivered,,2024-02-13 09:18:55,2024-03-02 09:18:55,2024-02-29 09:18:55,2024-03-16 19:28:12
FF-2024-000543,Zara (Inditex) Supply,Port of Yokohama,Japan,APAC,JPYOK,Port of Valencia,Spain,EMEA,ESVLC,Pharmaceuticals,Temperature-controlled medical and consumer drugs,912.6,217382.56,6,20GP,Maersk Line,MV Madrid Maersk,Delivered,,2024-02-19 11:16:01,2024-03-18 11:16:01,2024-03-16 11:16:01,2024-03-16 20:40:00
FF-2024-000516,Ford Motor Logistics,Port of Tanger Med,Morocco,EMEA,MATNG,Port of Rotterdam,Netherlands,EMEA,NLRTM,Pharmaceuticals,Temperature-controlled medical and consumer drugs,1520.82,724228.87,5,20GP,Evergreen Marine,MV Hapag Express,Departed Origin Port,,2024-03-14 05:16:47,2024-03-21 05:16:47,,2024-03-16 07:17:14
FF-2024-000501,Amazon Fulfillment EU,Port of Busan,South Korea,APAC,KRPUS,Port of New York,USA,AMER,USNYC,Chemicals,Industrial chemicals in ISO tank containers,10721.62,206836.84,12,20TK,Maersk Line,MV Hapag Express,Delivered,,2024-02-07 15:20:15,2024-02-24 15:20:15,2024-02-22 15:20:15,2024-03-16 17:15:22
FF-2024-000519,Apple Supply Chain Ltd.,Port of Felixstowe,UK,EMEA,GBFXT,Port of Manzanillo,Mexico,AMER,MXZLO,Machinery,Heavy industrial and agricultural machinery,15177.68,683911.08,10,40RH,ZIM Integrated Shipping,MV Al Muraykh,Arrived Destination Port,,2024-03-07 13:22:17,2024-03-20 13:22:17,,2024-03-16 23:32:54
FF-2024-000560,ABB Ltd Supply Chain,Port of Tanjung Pelepas,Malaysia,APAC,MYPKG,Port of Rotterdam,Netherlands,EMEA,NLRTM,Automotive Parts,OEM and aftermarket vehicle components,4956.92,216411.62,12,20TK,ONE (Ocean Network Express),MV MOL Triumph,Customs Clearance,,2024-02-27 09:06:17,2024-03-26 09:06:17,,2024-03-16 20:52:54
FF-2024-000492,LG Electronics,Port of Laem Chabang,Thailand,APAC,THLCH,Port of Tanjung Pelepas,Malaysia,APAC,MYPKG,Chemicals,Industrial chemicals in ISO tank containers,5880.62,53640.88,3,40HC,Evergreen Marine,MV Al Muraykh,Delivered,,2024-02-11 22:49:09,2024-02-20 22:49:09,2024-02-21 22:49:09,2024-03-16 02:58:59
FF-2024-000545,Procter & Gamble Co.,Port of Busan,South Korea,APAC,KRPUS,Port of Felixstowe,UK,EMEA,GBFXT,Raw Materials,"Steel coils, aluminium ingots, bulk commodities",14755.6,15428.77,8,40GP,ONE (Ocean Network Express),MV Madrid Maersk,Out for Delivery,,2024-02-20 13:05:09,2024-03-21 13:05:09,,2024-03-16 13:37:51
FF-2024-000558,Pfizer Global Logistics,Port of Hong Kong,China,APAC,HKHKG,Port of Busan,South Korea,APAC,KRPUS,Hazardous Materials,Class-regulated DG cargo with IMDG compliance,10730.98,509202.85,6,20GP,Maersk Line,MV Evergreen Emerald,Delivered,,2024-02-12 19:21:06,2024-02-21 19:21:06,2024-02-21 19:21:06,2024-03-16 21:49:07
FF-2024-000099,Samsung Electronics Co.,Port of Singapore,Singapore,APAC,SGSIN,Port of Manzanillo,Mexico,AMER,MXZLO,Textiles,"Apparel, fabric rolls, and finished garments",12003.72,219136.0,11,40RH,CMA CGM,MV Madrid Maersk,Customs Clearance,,2024-03-04 08:25:47,2024-03-26 08:25:47,,2024-03-16 21:30:22
FF-2024-000549,H&M Group Sourcing,Port of Antwerp,Belgium,EMEA,BEANR,Port of Long Beach,USA,AMER,USLGB,Raw Materials,"Steel coils, aluminium ingots, bulk commodities",12887.52,76621.73,1,20GP,ONE (Ocean Network Express),MV MSC Gülsün,Delivered,,2024-02-17 19:15:33,2024-02-29 19:15:33,2024-03-04 19:15:33,2024-03-16 23:09:25
FF-2024-000578,Ford Motor Logistics,Port of Mumbai,India,APAC,INBOM,Port of Hong Kong,China,APAC,HKHKG,Consumer Goods,"FMCG, household products, and retail stock",11443.46,196439.68,12,40HC,Hapag-Lloyd,MV Maersk Mc-Kinney,Delivered,,2024-02-28 08:12:01,2024-03-06 08:12:01,2024-03-05 08:12:01,2024-03-16 18:51:40
FF-2024-000502,IKEA Supply AG,Port of Los Angeles,USA,AMER,USLAX,Port of Algeciras,Spain,EMEA,ESALG,Hazardous Materials,Class-regulated DG cargo with IMDG compliance,5532.17,269280.88,8,40HC,Yang Ming,MV Maersk Mc-Kinney,Booking Confirmed,,2024-03-15 02:18:31,2024-04-03 02:18:31,,2024-03-16 05:01:35
FF-2024-000060,ABB Ltd Supply Chain,Port of Manzanillo,Mexico,AMER,MXZLO,Port of New York,USA,AMER,USNYC,Perishables,"Fresh produce, chilled and frozen foodstuffs",14443.39,35948.07,8,20TK,CMA CGM,MV MSC Gülsün,Delivered,,2024-02-26 11:11:35,2024-03-11 11:11:35,2024-03-15 11:11:35,2024-03-16 11:38:45
FF-2024-000184,Ford Motor Logistics,Port of Shanghai,China,APAC,CNSHA,Port of Mumbai,India,APAC,INBOM,Electronics,High-value consumer and industrial electronics,16360.31,3745371.98,7,40HC,ZIM Integrated Shipping,MV MOL Triumph,Delivered,,2024-02-15 07:52:02,2024-03-02 07:52:02,2024-03-01 07:52:02,2024-03-16 22:10:50
FF-2024-000527,Nike Inc. Distribution,Port of Dubai (Jebel Ali),UAE,EMEA,AEJEA,Port of Shanghai,China,APAC,CNSHA,Raw Materials,"Steel coils, aluminium ingots, bulk commodities",10315.34,17144.18,7,40HC,Hapag-Lloyd,MV Madrid Maersk,Arrived Destination Port,,2024-02-26 05:53:37,2024-03-22 05:53:37,,2024-03-16 00:43:34
FF-2024-000510,3M Company Logistics,Port of Hamburg,Germany,EMEA,DEHAM,Port of Antwerp,Belgium,EMEA,BEANR,Consumer Goods,"FMCG, household products, and retail stock",9601.33,177562.63,10,40GP,Maersk Line,MV MSC Gülsün,Delivered,,2024-02-12 15:34:14,2024-02-19 15:34:14,2024-02-18 15:34:14,2024-03-16 09:09:32
FF-2024-000402,Caterpillar Inc.,Port of Rotterdam,Netherlands,EMEA,NLRTM,Port of Colombo,Sri Lanka,APAC,LKCMB,Pharmaceuticals,Temperature-controlled medical and consumer drugs,3156.94,2362739.46,10,40RH,HMM (Hyundai MM),MV Ever Given,Arrived Destination Port,,2024-02-29 01:17:30,2024-03-26 01:17:30,,2024-03-16 23:24:06
FF-2024-000529,IKEA Supply AG,Port of Tanger Med,Morocco,EMEA,MATNG,Port of Rotterdam,Netherlands,EMEA,NLRTM,Machinery,Heavy industrial and agricultural machinery,20311.63,1736308.79,10,40RH,MSC Mediterranean,MV ONE Innovation,Delivered,,2024-02-20 17:14:18,2024-03-02 17:14:18,2024-02-29 17:14:18,2024-03-16 02:12:03
FF-2024-000524,3M Company Logistics,Port of Antwerp,Belgium,EMEA,BEANR,Port of New York,USA,AMER,USNYC,Machinery,Heavy industrial and agricultural machinery,11014.95,527342.16,11,40RH,MSC Mediterranean,MV MOL Triumph,Delivered,,2024-02-26 15:58:22,2024-03-12 15:58:22,2024-03-11 15:58:22,2024-03-16 03:24:25
FF-2024-000559,Caterpillar Inc.,Port of Piraeus,Greece,EMEA,GRPIR,Port of Antwerp,Belgium,EMEA,BEANR,Chemicals,Industrial chemicals in ISO tank containers,11742.53,260503.57,1,40HC,Yang Ming,MV CMA CGM Louis Bleriot,Out for Delivery,,2024-03-07 04:33:54,2024-03-18 04:33:54,,2024-03-16 13:36:23
FF-2024-000513,Nestlé S.A. Logistics,Port of Yokohama,Japan,APAC,JPYOK,Port of Piraeus,Greece,EMEA,GRPIR,Hazardous Materials,Class-regulated DG cargo with IMDG compliance,13249.12,354849.9,1,40RH,ONE (Ocean Network Express),MV CMA CGM Antoine,Container Loaded,,2024-03-13 09:43:19,2024-04-09 09:43:19,,2024-03-16 06:42:12
FF-2024-000528,Ford Motor Logistics,Port of Yokohama,Japan,APAC,JPYOK,Port of Manzanillo,Mexico,AMER,MXZLO,Textiles,"Apparel, fabric rolls, and finished garments",7205.18,215700.5,12,40HC,HMM (Hyundai MM),MV HMM Algeciras,Delivered,,2024-02-09 17:09:15,2024-02-23 17:09:15,2024-02-23 17:09:15,2024-03-16 22:03:11
FF-2024-000073,Ford Motor Logistics,Port of Felixstowe,UK,EMEA,GBFXT,Port of Colombo,Sri Lanka,APAC,LKCMB,Consumer Goods,"FMCG, household products, and retail stock",7646.19,108286.75,5,40RH,MSC Mediterranean,MV CMA CGM Antoine,Delivered,,2024-02-22 19:30:39,2024-03-21 19:30:39,2024-03-24 19:30:39,2024-03-16 15:49:35
FF-2024-000548,Samsung Electronics Co.,Port of Tanjung Pelepas,Malaysia,APAC,MYPKG,Port of Manzanillo,Mexico,AMER,MXZLO,Machinery,Heavy industrial and agricultural machinery,27373.6,947198.63,6,20TK,Yang Ming,MV ZIM Sammy Ofer,Delivered,,2024-02-08 16:25:16,2024-02-28 16:25:16,2024-03-03 16:25:16,2024-03-16 06:50:45
FF-2024-000284,Ford Motor Logistics,Port of Mumbai,India,APAC,INBOM,Port of Piraeus,Greece,EMEA,GRPIR,Electronics,High-value consumer and industrial electronics,13447.48,1890990.82,11,40GP,Hapag-Lloyd,MV Madrid Maersk,Customs Clearance,,2024-03-03 03:35:34,2024-03-30 03:35:34,,2024-03-16 16:17:28
FF-2024-000484,Apple Supply Chain Ltd.,Port of Long Beach,USA,AMER,USLGB,Port of Busan,South Korea,APAC,KRPUS,Pharmaceuticals,Temperature-controlled medical and consumer drugs,500.31,274137.07,6,20TK,ZIM Integrated Shipping,MV COSCO Universe,Customs Clearance,,2024-03-07 18:38:54,2024-03-22 18:38:54,,2024-03-16 10:16:16
FF-2024-000123,Pfizer Global Logistics,Port of Felixstowe,UK,EMEA,GBFXT,Port of Dubai (Jebel Ali),UAE,EMEA,AEJEA,Pharmaceuticals,Temperature-controlled medical and consumer drugs,733.61,218960.53,2,20TK,Yang Ming,MV Hapag Express,Delivered,,2024-02-11 22:25:09,2024-02-28 22:25:09,2024-02-28 22:25:09,2024-03-16 13:42:43
FF-2024-000566,Bosch GmbH Industrial,Port of Antwerp,Belgium,EMEA,BEANR,Port of Dubai (Jebel Ali),UAE,EMEA,AEJEA,Electronics,High-value consumer and industrial electronics,16140.53,3330777.84,3,40GP,Yang Ming,MV MOL Triumph,Delivered,,2024-02-26 10:47:29,2024-03-12 10:47:29,2024-03-16 10:47:29,2024-03-16 16:11:21
FF-2024-000556,Ford Motor Logistics,Port of Colombo,Sri Lanka,APAC,LKCMB,Port of Antwerp,Belgium,EMEA,BEANR,Textiles,"Apparel, fabric rolls, and finished garments",19415.63,240711.89,9,40HC,Yang Ming,MV Maersk Mc-Kinney,Delivered,,2024-02-10 12:09:48,2024-03-02 12:09:48,2024-03-01 12:09:48,2024-03-16 03:30:50
FF-2024-000338,Unilever Supply Co.,Port of Algeciras,Spain,EMEA,ESALG,Port of Piraeus,Greece,EMEA,GRPIR,Raw Materials,"Steel coils, aluminium ingots, bulk commodities",27322.78,139954.14,7,40GP,Maersk Line,MV Hapag Express,Delivered,,2024-02-13 17:23:58,2024-02-28 17:23:58,2024-03-02 17:23:58,2024-03-16 19:21:01
FF-2024-000426,Zara (Inditex) Supply,Port of Mumbai,India,APAC,INBOM,Port of Los Angeles,USA,AMER,USLAX,Automotive Parts,OEM and aftermarket vehicle components,14137.21,232649.08,5,40RH,COSCO Shipping,MV Ever Given,Delivered,,2024-02-14 02:43:14,2024-03-03 02:43:14,2024-03-06 02:43:14,2024-03-16 14:20:07
FF-2024-000546,ABB Ltd Supply Chain,Port of Algeciras,Spain,EMEA,ESALG,Port of Tanjung Pelepas,Malaysia,APAC,MYPKG,Chemicals,Industrial chemicals in ISO tank containers,16310.39,228984.06,3,40HC,MSC Mediterranean,MV Al Muraykh,Container Loaded,,2024-03-10 08:20:54,2024-04-09 08:20:54,,2024-03-16 02:30:35
FF-2024-000188,Amazon Fulfillment EU,Port of Busan,South Korea,APAC,KRPUS,Port of Nagoya,Japan,APAC,JPNGO,Machinery,Heavy industrial and agricultural machinery,19846.95,1114700.94,2,40GP,Maersk Line,MV Ever Given,Delivered,,2024-03-03 20:08:36,2024-03-12 20:08:36,2024-03-14 20:08:36,2024-03-16 15:30:19
FF-2024-000550,Bosch GmbH Industrial,Port of Qingdao,China,APAC,CNQGD,Port of Santos,Brazil,AMER,BRSSZ,Perishables,"Fresh produce, chilled and frozen foodstuffs",19557.42,189071.52,9,20TK,ONE (Ocean Network Express),MV MSC Gülsün,Delivered,,2024-02-12 12:26:10,2024-03-04 12:26:10,2024-03-06 12:26:10,2024-03-16 22:35:19
FF-2024-000539,ABB Ltd Supply Chain,Port of New York,USA,AMER,USNYC,Port of Dubai (Jebel Ali),UAE,EMEA,AEJEA,Consumer Goods,"FMCG, household products, and retail stock",5535.14,87085.44,12,40RH,Evergreen Marine,MV Yang Ming Witness,Arrived Destination Port,,2024-03-04 14:01:14,2024-03-22 14:01:14,,2024-03-16 11:53:03
FF-2024-000200,Unilever Supply Co.,Port of Colombo,Sri Lanka,APAC,LKCMB,Port of Yokohama,Japan,APAC,JPYOK,Pharmaceuticals,Temperature-controlled medical and consumer drugs,2662.08,1138456.62,8,40RH,ONE (Ocean Network Express),MV Yang Ming Witness,Delivered,,2024-02-27 08:00:15,2024-03-13 08:00:15,2024-03-13 08:00:15,2024-03-16 19:52:36
FF-2024-000504,Pfizer Global Logistics,Port of Piraeus,Greece,EMEA,GRPIR,Port of Manzanillo,Mexico,AMER,MXZLO,Textiles,"Apparel, fabric rolls, and finished garments",14737.62,218185.22,9,40RH,MSC Mediterranean,MV MOL Triumph,Delayed,Equipment inspection required,2024-03-02 09:47:42,2024-03-27 09:47:42,,2024-03-16 06:38:45
FF-2024-000569,Unilever Supply Co.,Port of Algeciras,Spain,EMEA,ESALG,Port of Dubai (Jebel Ali),UAE,EMEA,AEJEA,Textiles,"Apparel, fabric rolls, and finished garments",19234.95,410711.55,5,20TK,HMM (Hyundai MM),MV MSC Gülsün,Customs Clearance,,2024-03-06 06:53:50,2024-03-24 06:53:50,,2024-03-16 01:23:43
FF-2024-000507,3M Company Logistics,Port of Qingdao,China,APAC,CNQGD,Port of Laem Chabang,Thailand,APAC,THLCH,Consumer Goods,"FMCG, household products, and retail stock",17934.41,713177.26,2,20TK,COSCO Shipping,MV CMA CGM Louis Bleriot,Departed Origin Port,,2024-03-11 22:59:45,2024-03-29 22:59:45,,2024-03-16 12:54:52
FF-2024-000541,Nestlé S.A. Logistics,Port of New York,USA,AMER,USNYC,Port of Mumbai,India,APAC,INBOM,Perishables,"Fresh produce, chilled and frozen foodstuffs",11382.08,53308.89,8,40RH,Yang Ming,MV Hapag Express,Out for Delivery,,2024-03-02 11:55:43,2024-03-18 11:55:43,,2024-03-16 11:08:03
FF-2024-000309,Ford Motor Logistics,Port of Felixstowe,UK,EMEA,GBFXT,Port of Busan,South Korea,APAC,KRPUS,Machinery,Heavy industrial and agricultural machinery,26462.25,841841.36,3,20TK,Yang Ming,MV COSCO Universe,Delivered,,2024-02-06 02:44:43,2024-02-26 02:44:43,2024-02-29 02:44:43,2024-03-16 03:34:48
FF-2024-000523,LG Electronics,Port of New York,USA,AMER,USNYC,Port of Dubai (Jebel Ali),UAE,EMEA,AEJEA,Machinery,Heavy industrial and agricultural machinery,17766.19,777973.76,3,40RH,ZIM Integrated Shipping,MV Evergreen Emerald,Delivered,,2024-02-22 20:06:46,2024-03-05 20:06:46,2024-03-06 20:06:46,2024-03-16 16:25:49
FF-2024-000570,Samsung Electronics Co.,Port of Nagoya,Japan,APAC,JPNGO,Port of Qingdao,China,APAC,CNQGD,Perishables,"Fresh produce, chilled and frozen foodstuffs",6476.26,72604.56,1,20TK,MSC Mediterranean,MV MSC Gülsün,Delivered,,2024-02-29 13:41:19,2024-03-18 13:41:19,2024-03-22 13:41:19,2024-03-16 19:33:23
FF-2024-000574,Nike Inc. Distribution,Port of Felixstowe,UK,EMEA,GBFXT,Port of New York,USA,AMER,USNYC,Consumer Goods,"FMCG, household products, and retail stock",2717.47,79750.31,5,40GP,Evergreen Marine,MV CMA CGM Antoine,Delivered,,2024-02-06 18:32:24,2024-02-26 18:32:24,2024-03-01 18:32:24,2024-03-16 03:54:27
FF-2024-000230,LG Electronics,Port of Yokohama,Japan,APAC,JPYOK,Port of Long Beach,USA,AMER,USLGB,Perishables,"Fresh produce, chilled and frozen foodstuffs",4857.62,23769.33,10,40RH,CMA CGM,MV HMM Algeciras,Delivered,,2024-02-11 16:11:50,2024-03-03 16:11:50,2024-03-08 16:11:50,2024-03-16 07:17:57
FF-2024-000576,Samsung Electronics Co.,Port of Hamburg,Germany,EMEA,DEHAM,Port of Shanghai,China,APAC,CNSHA,Chemicals,Industrial chemicals in ISO tank containers,22596.55,489303.55,6,40HC,COSCO Shipping,MV Maersk Mc-Kinney,Transshipment,,2024-02-29 11:02:15,2024-03-29 11:02:15,,2024-03-16 06:33:08
FF-2024-000031,Zara (Inditex) Supply,Port of Qingdao,China,APAC,CNQGD,Port of Algeciras,Spain,EMEA,ESALG,Hazardous Materials,Class-regulated DG cargo with IMDG compliance,5147.45,206472.9,10,40HC,HMM (Hyundai MM),MV Madrid Maersk,Delivered,,2024-02-14 10:08:48,2024-03-06 10:08:48,2024-03-04 10:08:48,2024-03-16 14:08:22
FF-2024-000512,Caterpillar Inc.,Port of Tanger Med,Morocco,EMEA,MATNG,Port of Shanghai,China,APAC,CNSHA,Textiles,"Apparel, fabric rolls, and finished garments",12137.58,261873.39,11,20GP,ONE (Ocean Network Express),MV Evergreen Emerald,Delivered,,2024-02-06 06:31:29,2024-02-29 06:31:29,2024-03-02 06:31:29,2024-03-16 03:17:13
FF-2024-000525,LG Electronics,Port of New York,USA,AMER,USNYC,Port of Hamburg,Germany,EMEA,DEHAM,Hazardous Materials,Class-regulated DG cargo with IMDG compliance,7805.95,194469.73,9,40HC,HMM (Hyundai MM),MV Hapag Express,Delivered,,2024-02-06 13:29:06,2024-03-01 13:29:06,2024-03-04 13:29:06,2024-03-16 19:03:25
FF-2024-000506,Pfizer Global Logistics,Port of Busan,South Korea,APAC,KRPUS,Port of Nagoya,Japan,APAC,JPNGO,Raw Materials,"Steel coils, aluminium ingots, bulk commodities",17189.3,95427.17,10,40HC,ONE (Ocean Network Express),MV Yang Ming Witness,Delivered,,2024-02-26 07:09:37,2024-03-12 07:09:37,2024-03-13 07:09:37,2024-03-16 11:18:50
FF-2024-000568,Amazon Fulfillment EU,Port of Laem Chabang,Thailand,APAC,THLCH,Port of Los Angeles,USA,AMER,USLAX,Hazardous Materials,Class-regulated DG cargo with IMDG compliance,12511.37,544483.54,7,20TK,ONE (Ocean Network Express),MV Hapag Express,Delivered,,2024-02-20 12:08:11,2024-03-12 12:08:11,2024-03-17 12:08:11,2024-03-16 22:37:58
FF-2024-000508,Zara (Inditex) Supply,Port of Los Angeles,USA,AMER,USLAX,Port of Singapore,Singapore,APAC,SGSIN,Hazardous Materials,Class-regulated DG cargo with IMDG compliance,9908.81,403085.97,2,20TK,ONE (Ocean Network Express),MV CMA CGM Antoine,Delivered,,2024-02-23 00:17:25,2024-03-09 00:17:25,2024-03-10 00:17:25,2024-03-16 06:26:34
FF-2024-000476,Nestlé S.A. Logistics,Port of Hong Kong,China,APAC,HKHKG,Port of Nagoya,Japan,APAC,JPNGO,Perishables,"Fresh produce, chilled and frozen foodstuffs",20590.55,224163.88,9,40GP,Yang Ming,MV Madrid Maersk,Delivered,,2024-02-06 00:57:59,2024-02-16 00:57:59,2024-02-20 00:57:59,2024-03-16 20:55:18
FF-2024-000481,Zara (Inditex) Supply,Port of Singapore,Singapore,APAC,SGSIN,Port of Santos,Brazil,AMER,BRSSZ,Perishables,"Fresh produce, chilled and frozen foodstuffs",18110.0,136877.91,9,40RH,Maersk Line,MV ZIM Sammy Ofer,Delivered,,2024-02-17 17:51:22,2024-03-07 17:51:22,2024-03-09 17:51:22,2024-03-16 19:11:00
FF-2024-000207,Siemens AG,Port of Rotterdam,Netherlands,EMEA,NLRTM,Port of Piraeus,Greece,EMEA,GRPIR,Chemicals,Industrial chemicals in ISO tank containers,5221.67,77135.43,1,20TK,Evergreen Marine,MV Madrid Maersk,Delivered,,2024-02-19 17:40:17,2024-02-28 17:40:17,2024-02-29 17:40:17,2024-03-16 20:25:05
FF-2024-000537,Procter & Gamble Co.,Port of Shanghai,China,APAC,CNSHA,Port of Algeciras,Spain,EMEA,ESALG,Electronics,High-value consumer and industrial electronics,14203.25,4808442.12,6,40RH,Yang Ming,MV HMM Algeciras,Delivered,,2024-02-09 09:57:54,2024-03-06 09:57:54,2024-03-04 09:57:54,2024-03-16 00:26:29
FF-2024-000343,Amazon Fulfillment EU,Port of Long Beach,USA,AMER,USLGB,Port of Qingdao,China,APAC,CNQGD,Consumer Goods,"FMCG, household products, and retail stock",4422.73,23596.38,7,20TK,Hapag-Lloyd,MV Hapag Express,Delivered,,2024-02-21 14:00:39,2024-03-11 14:00:39,2024-03-16 14:00:39,2024-03-16 04:54:58
FF-2024-000034,H&M Group Sourcing,Port of Yokohama,Japan,APAC,JPYOK,Port of Valencia,Spain,EMEA,ESVLC,Automotive Parts,OEM and aftermarket vehicle components,14975.37,357939.27,5,40RH,COSCO Shipping,MV ZIM Sammy Ofer,In Transit,,2024-03-06 08:13:43,2024-04-07 08:13:43,,2024-03-16 07:11:38
FF-2024-000564,ABB Ltd Supply Chain,Port of Mumbai,India,APAC,INBOM,Port of Hamburg,Germany,EMEA,DEHAM,Automotive Parts,OEM and aftermarket vehicle components,14110.22,766168.06,3,40GP,COSCO Shipping,MV Maersk Mc-Kinney,Delivered,,2024-02-11 20:07:01,2024-03-03 20:07:01,2024-03-04 20:07:01,2024-03-16 18:27:17
FF-2024-000540,Zara (Inditex) Supply,Port of Hamburg,Germany,EMEA,DEHAM,Port of Algeciras,Spain,EMEA,ESALG,Pharmaceuticals,Temperature-controlled medical and consumer drugs,5166.75,1972530.51,11,40GP,CMA CGM,MV Madrid Maersk,Delivered,,2024-02-18 11:45:58,2024-03-02 11:45:58,2024-03-05 11:45:58,2024-03-16 13:59:31
